rollup,bp-react,M3,1,1808,ms,2026-09-13T23:57:41Z
rollup,bp-react,M3,2,1429,ms,2026-09-13T23:57:41Z
rollup,bp-react,M3,3,1424,ms,2026-09-13T23:57:41Z
rollup,bp-react,M3,4,1361,ms,2026-09-13T23:57:41Z
rollup,bp-react,M3,5,1441,ms,2026-09-13T23:57:41Z
rollup,bp-react,M3,6,1388,ms,2026-09-13T23:57:41Z
rollup,bp-react,M3,7,1381,ms,2026-09-13T23:57:41Z
rollup,bp-react,M3,8,1406,ms,2026-09-13T23:57:41Z
rollup,bp-react,M3,9,1493,ms,2026-09-13T23:57:41Z
rollup,bp-react,M3,10,1385,ms,2026-09-13T23:57:41Z
rollup,bp-react,M3,11,1485,ms,2026-09-13T23:57:41Z
rollup,bp-react,M3,12,1499,ms,2026-09-13T23:57:41Z
rollup,bp-react,M3,13,1460,ms,2026-09-13T23:57:41Z
rollup,bp-react,M3,14,1521,ms,2026-09-13T23:57:41Z
rollup,bp-react,M3,15,1465,ms,2026-09-13T23:57:41Z
rollup,bp-react,M3,16,1486,ms,2026-09-13T23:57:41Z
rollup,bp-react,M3,17,1438,ms,2026-09-13T23:57:41Z
rollup,bp-react,M3,18,1715,ms,2026-09-13T23:57:41Z
rollup,bp-react,M3,19,1519,ms,2026-09-13T23:57:41Z
rollup,bp-react,M3,20,2074,ms,2026-09-13T23:57:41Z
