rspack,bp-react,M3,1,372,ms,2026-09-13T23:41:54Z
rspack,bp-react,M3,2,459,ms,2026-09-13T23:41:54Z
rspack,bp-react,M3,3,445,ms,2026-09-13T23:41:54Z
rspack,bp-react,M3,4,930,ms,2026-09-13T23:41:54Z
rspack,bp-react,M3,5,687,ms,2026-09-13T23:41:54Z
rspack,bp-react,M3,6,566,ms,2026-09-13T23:41:54Z
rspack,bp-react,M3,7,626,ms,2026-09-13T23:41:54Z
rspack,bp-react,M3,8,470,ms,2026-09-13T23:41:54Z
rspack,bp-react,M3,9,420,ms,2026-09-13T23:41:54Z
rspack,bp-react,M3,10,512,ms,2026-09-13T23:41:54Z
rspack,bp-react,M3,11,486,ms,2026-09-13T23:41:54Z
rspack,bp-react,M3,12,564,ms,2026-09-13T23:41:54Z
rspack,bp-react,M3,13,425,ms,2026-09-13T23:41:54Z
rspack,bp-react,M3,14,700,ms,2026-09-13T23:41:54Z
rspack,bp-react,M3,15,513,ms,2026-09-13T23:41:54Z
rspack,bp-react,M3,16,500,ms,2026-09-13T23:41:54Z
rspack,bp-react,M3,17,741,ms,2026-09-13T23:41:54Z
rspack,bp-react,M3,18,425,ms,2026-09-13T23:41:54Z
rspack,bp-react,M3,19,449,ms,2026-09-13T23:41:54Z
rspack,bp-react,M3,20,435,ms,2026-09-13T23:41:54Z
